_dbt_source_relation,appuiscommunssupp__src_name,appuiscommunssupp__src_id,appuiscommunssupp__Id,geometry,osmpowersupports__utility,osmpowersupports__nature,appuiscommunssupp__TypePhysique,appuiscommunssupp__Nature,appuiscommunssupp__Gestionnaire,appuiscommunssupp__Materiau,appuiscommunssupp__HauteurAppui,appuiscommunssupp__CodeExterne,osmpowersupports__line_attachment,osmpowersupports__line_management,osmpowersupports__transition,appuiscommunssupp__commune_insee_id,fdrcommune__insee_id,appuiscommunssupp__fdrcommune__insee_id,appuiscommunssupp__commune_nom,appuiscommunssupp__fdrcommune__nom
"""datastore"".""appuiscommuns"".""osmgeodatamine_powsupp__appuiscommuns_supportaerien""",osmgeodatamine_powersupports_extract,node/1323154028,d09982ec-46a0-5a72-a7da-27076e7cb445,POINT (0.6514814 47.4822627000576),power,tower,APPUI,,,,,,,,,37206,37206,37206,Saint-Antoine-du-Rocher,Saint-Antoine-du-Rocher
"""datastore"".""appuiscommuns"".""osmgeodatamine_powsupp__appuiscommuns_supportaerien""",osmgeodatamine_powersupports_extract,node/5528573744,223735d0-369e-54e6-912c-b57c03153634,POINT (0.6481917 47.4907889000557),power,tower,APPUI,,RTE,,23,101,,,,37206,37206,37206,Saint-Antoine-du-Rocher,Saint-Antoine-du-Rocher
"""datastore"".""appuiscommuns"".""osmgeodatamine_powsupp__appuiscommuns_supportaerien""",osmgeodatamine_powersupports_extract,node/1323154038,e3b17ed1-757a-51d4-a258-0a20c68e8e61,POINT (0.6462229 47.4931968000552),power,tower,APPUI,,,,,,,,,37206,37206,37206,Saint-Antoine-du-Rocher,Saint-Antoine-du-Rocher
"""datastore"".""appuiscommuns"".""osmgeodatamine_powsupp__appuiscommuns_supportaerien""",osmgeodatamine_powersupports_extract,node/1323154041,f6013021-8445-5dc2-8143-d238625d24d2,POINT (0.643322 47.4968056000544),power,tower,APPUI,,,,,,,,,37206,37206,37206,Saint-Antoine-du-Rocher,Saint-Antoine-du-Rocher
"""datastore"".""appuiscommuns"".""osmgeodatamine_powsupp__appuiscommuns_supportaerien""",osmgeodatamine_powersupports_extract,node/5528573745,5be37867-2bb1-5367-a526-08d47e2a5b42,POINT (0.6419722 47.498505600054),power,tower,APPUI,,RTE,,18,97,,,,37206,37206,37206,Saint-Antoine-du-Rocher,Saint-Antoine-du-Rocher
"""datastore"".""appuiscommuns"".""osmgeodatamine_powsupp__appuiscommuns_supportaerien""",osmgeodatamine_powersupports_extract,node/5528573746,9c61d1cc-4043-5e92-bab0-ead1c71440d4,POINT (0.6366056 47.5020056000532),power,tower,APPUI,,RTE,,18,95,,,,37206,37206,37206,Saint-Antoine-du-Rocher,Saint-Antoine-du-Rocher
"""datastore"".""appuiscommuns"".""osmgeodatamine_powsupp__appuiscommuns_supportaerien""",osmgeodatamine_powersupports_extract,node/1323154043,d29c2dfc-332c-5afc-bee8-148310ca0bcf,POINT (0.6399773 47.5009733000534),power,tower,APPUI,,,,,,,,,37206,37206,37206,Saint-Antoine-du-Rocher,Saint-Antoine-du-Rocher
"""datastore"".""appuiscommuns"".""osmgeodatamine_powsupp__appuiscommuns_supportaerien""",osmgeodatamine_powersupports_extract,node/1323154046,433caf48-b16d-5c4d-b254-2211c2faf238,POINT (0.6301141 47.5039936000527),power,tower,APPUI,,,,,,,,,37206,37206,37206,Saint-Antoine-du-Rocher,Saint-Antoine-du-Rocher
"""datastore"".""appuiscommuns"".""osmgeodatamine_powsupp__appuiscommuns_supportaerien""",osmgeodatamine_powersupports_extract,node/1323154045,f3ac4d7c-b182-5cb8-8431-859115ec43a5,POINT (0.6331772 47.503042600053),power,tower,APPUI,,,,,,,,,37206,37206,37206,Saint-Antoine-du-Rocher,Saint-Antoine-du-Rocher
"""datastore"".""appuiscommuns"".""osmgeodatamine_powsupp__appuiscommuns_supportaerien""",osmgeodatamine_powersupports_extract,node/1323154047,0296fe72-ef23-50cb-b40c-5b88e21b5269,POINT (0.627452 47.5047775000526),power,tower,APPUI,,,,,,,,,37206,37206,37206,Saint-Antoine-du-Rocher,Saint-Antoine-du-Rocher
"""datastore"".""appuiscommuns"".""osmgeodatamine_powsupp__appuiscommuns_supportaerien""",osmgeodatamine_powersupports_extract,node/1323154049,11e86d6a-9cd7-582f-a64d-e305301d912c,POINT (0.6242354 47.5057919000523),power,tower,APPUI,,,,,,,,,37206,37206,37206,Saint-Antoine-du-Rocher,Saint-Antoine-du-Rocher
"""datastore"".""appuiscommuns"".""osmgeodatamine_powsupp__appuiscommuns_supportaerien""",osmgeodatamine_powersupports_extract,node/1323154050,5c9dae88-4c84-5cc0-bc55-15dcd41c6203,POINT (0.6209419 47.5067833000521),power,tower,APPUI,,,,,,,,,37206,37206,37206,Saint-Antoine-du-Rocher,Saint-Antoine-du-Rocher
"""datastore"".""appuiscommuns"".""osmgeodatamine_powsupp__appuiscommuns_supportaerien""",osmgeodatamine_powersupports_extract,node/1323154055,5714f65d-4cae-5a26-9211-81685662f7c1,POINT (0.6050293 47.511635900051),power,tower,APPUI,,,,,,,,,37206,37206,37206,Saint-Antoine-du-Rocher,Saint-Antoine-du-Rocher
"""datastore"".""appuiscommuns"".""osmgeodatamine_powsupp__appuiscommuns_supportaerien""",osmgeodatamine_powersupports_extract,node/1323154056,378561d3-9e1d-511a-9bb3-d3203812ae94,POINT (0.6020942 47.5125061000508),power,tower,APPUI,,,,,,,,,37206,37206,37206,Saint-Antoine-du-Rocher,Saint-Antoine-du-Rocher
"""datastore"".""appuiscommuns"".""osmgeodatamine_powsupp__appuiscommuns_supportaerien""",osmgeodatamine_powersupports_extract,node/5528573748,acdbe2ec-02b6-53a7-ade1-44d948440aed,POINT (0.610825 47.5098611000514),power,tower,APPUI,,RTE,,18,87,,,,37206,37206,37206,Saint-Antoine-du-Rocher,Saint-Antoine-du-Rocher
"""datastore"".""appuiscommuns"".""osmgeodatamine_powsupp__appuiscommuns_supportaerien""",osmgeodatamine_powersupports_extract,node/5528573747,236c8ebd-a749-558c-982e-3d8b1db87777,POINT (0.6081028 47.5106861000513),power,tower,APPUI,,RTE,,20,86,,,,37206,37206,37206,Saint-Antoine-du-Rocher,Saint-Antoine-du-Rocher
"""datastore"".""appuiscommuns"".""osmgeodatamine_powsupp__appuiscommuns_supportaerien""",osmgeodatamine_powersupports_extract,node/1323154053,42d4c9e5-9e55-5f2a-bcff-bd800088aed0,POINT (0.6143465 47.5087832000517),power,tower,APPUI,,,,,,,,,37206,37206,37206,Saint-Antoine-du-Rocher,Saint-Antoine-du-Rocher
"""datastore"".""appuiscommuns"".""osmgeodatamine_powsupp__appuiscommuns_supportaerien""",osmgeodatamine_powersupports_extract,node/1323154051,1d8f956f-bdb7-50bd-a798-a6bd17b0f47f,POINT (0.6179471 47.5077169000519),power,tower,APPUI,,,,,,,,,37206,37206,37206,Saint-Antoine-du-Rocher,Saint-Antoine-du-Rocher
"""datastore"".""appuiscommuns"".""osmgeodatamine_powsupp__appuiscommuns_supportaerien""",osmgeodatamine_powersupports_extract,node/1000014330,4f4d9791-4a98-56f0-b484-df5ba4158215,POINT (0.6239804 47.5271436000475),power,tower,APPUI,,RTE,,,,,,,37206,37206,37206,Saint-Antoine-du-Rocher,Saint-Antoine-du-Rocher
"""datastore"".""appuiscommuns"".""osmgeodatamine_powsupp__appuiscommuns_supportaerien""",osmgeodatamine_powersupports_extract,node/1000014305,24feab84-cc11-5baf-a362-af039bef5eca,POINT (0.6211984 47.5306441000468),power,tower,APPUI,,RTE,,,,,,,37206,37206,37206,Saint-Antoine-du-Rocher,Saint-Antoine-du-Rocher
"""datastore"".""appuiscommuns"".""osmgeodatamine_powsupp__appuiscommuns_supportaerien""",osmgeodatamine_powersupports_extract,node/1000014358,e7c9fb54-011f-57fe-9909-fe56577867e3,POINT (0.617513 47.5304757000468),power,tower,APPUI,,,,,,,,,37206,37206,37206,Saint-Antoine-du-Rocher,Saint-Antoine-du-Rocher
"""datastore"".""appuiscommuns"".""osmgeodatamine_powsupp__appuiscommuns_supportaerien""",osmgeodatamine_powersupports_extract,node/9413080368,db62d925-1c83-52e4-a241-92432b5f0c60,POINT (0.4278741 47.5119451000509),,pole,APPUI,,,,,,,,,37251,37251,37251,Souvigné,Souvigné
"""datastore"".""appuiscommuns"".""osmgeodatamine_powsupp__appuiscommuns_supportaerien""",osmgeodatamine_powersupports_extract,node/9413080366,a2f40cb7-d15d-5c57-92c0-dbb5b3671938,POINT (0.4262766 47.5125185000508),,pole,APPUI,,,,,,,,,37251,37251,37251,Souvigné,Souvigné
"""datastore"".""appuiscommuns"".""osmgeodatamine_powsupp__appuiscommuns_supportaerien""",osmgeodatamine_powersupports_extract,node/9413080367,3641894f-8370-5220-8b7f-d06ae7324f13,POINT (0.4275241 47.5120776000509),,pole,APPUI,,,,,,,,,37251,37251,37251,Souvigné,Souvigné
"""datastore"".""appuiscommuns"".""osmgeodatamine_powsupp__appuiscommuns_supportaerien""",osmgeodatamine_powersupports_extract,node/9413080365,13e4aa28-6318-5628-9a46-39a106de8a15,POINT (0.4250729 47.5129542000507),,pole,APPUI,,,,,,,,,37251,37251,37251,Souvigné,Souvigné
"""datastore"".""appuiscommuns"".""osmgeodatamine_powsupp__appuiscommuns_supportaerien""",osmgeodatamine_powersupports_extract,node/9413080363,53cab593-3f35-5c91-995e-39fcde87702d,POINT (0.4239007 47.5133750000506),,pole,APPUI,,,,,,,,,37251,37251,37251,Souvigné,Souvigné
"""datastore"".""appuiscommuns"".""osmgeodatamine_powsupp__appuiscommuns_supportaerien""",osmgeodatamine_powersupports_extract,node/1323154008,735d47af-7831-523b-8726-c292424f6247,POINT (0.5172466 47.4662183000612),power,tower,APPUI,,,,,,,,,37182,37182,37182,Pernay,Pernay
"""datastore"".""appuiscommuns"".""osmgeodatamine_powsupp__appuiscommuns_supportaerien""",osmgeodatamine_powersupports_extract,node/1323154010,941002f4-b6ac-5dfa-9faf-cb867e505e87,POINT (0.528983 47.4733250000596),power,tower,APPUI,,,,,,,,,37182,37182,37182,Pernay,Pernay
"""datastore"".""appuiscommuns"".""osmgeodatamine_powsupp__appuiscommuns_supportaerien""",osmgeodatamine_powersupports_extract,node/1323154009,f6086127-7a16-510d-af89-0566747c21b8,POINT (0.5234453 47.4699981000604),power,tower,APPUI,,,,,,,,,37182,37182,37182,Pernay,Pernay
"""datastore"".""appuiscommuns"".""osmgeodatamine_powsupp__appuiscommuns_supportaerien""",osmgeodatamine_powersupports_extract,node/1323154005,1b2f43b5-4e47-5bfd-8646-59993bb04ed6,POINT (0.503662 47.457971400063),power,tower,APPUI,,,,,,,,,37182,37182,37182,Pernay,Pernay
"""datastore"".""appuiscommuns"".""osmgeodatamine_powsupp__appuiscommuns_supportaerien""",osmgeodatamine_powersupports_extract,node/1323154007,bc1e6f57-f0c7-5810-b400-8e8ea7812594,POINT (0.5119994 47.4630263000619),power,tower,APPUI,,,,,,,,,37182,37182,37182,Pernay,Pernay
"""datastore"".""appuiscommuns"".""osmgeodatamine_powsupp__appuiscommuns_supportaerien""",osmgeodatamine_powersupports_extract,node/1323154006,78e97f9b-43de-5479-a2ab-f30fcacb1037,POINT (0.5077492 47.4604836000625),power,tower,APPUI,,,,,,,,,37182,37182,37182,Pernay,Pernay
"""datastore"".""appuiscommuns"".""osmgeodatamine_powsupp__appuiscommuns_supportaerien""",osmgeodatamine_powersupports_extract,node/1323154004,5a9281b9-9bd9-58d8-b7d0-045da3e85e56,POINT (0.498877 47.4551037000637),power,tower,APPUI,,,,,,,,,37182,37182,37182,Pernay,Pernay
"""datastore"".""appuiscommuns"".""osmgeodatamine_powsupp__appuiscommuns_supportaerien""",osmgeodatamine_powersupports_extract,node/1323154002,a043f366-bfa2-5669-b3ba-2eef9b0af7d3,POINT (0.4905307 47.4500307000648),power,tower,APPUI,,,,,,,,,37182,37182,37182,Pernay,Pernay
"""datastore"".""appuiscommuns"".""osmgeodatamine_powsupp__appuiscommuns_supportaerien""",osmgeodatamine_powersupports_extract,node/1323154003,959abefc-ecc8-50ee-9f65-c61dc1349e87,POINT (0.4949331 47.4527469000642),power,tower,APPUI,,,,,,,,,37182,37182,37182,Pernay,Pernay
"""datastore"".""appuiscommuns"".""osmgeodatamine_powsupp__appuiscommuns_supportaerien""",osmgeodatamine_powersupports_extract,node/1323154001,26bbf0f9-b800-5213-a34d-7cb5479a833a,POINT (0.4869306 47.4477934000653),power,tower,APPUI,,,,,,,,,37182,37182,37182,Pernay,Pernay
"""datastore"".""appuiscommuns"".""osmgeodatamine_powsupp__appuiscommuns_supportaerien""",osmgeodatamine_powersupports_extract,node/9420425345,c38d4f34-51d4-50b6-8964-ae3c6a4a8509,POINT (0.3788902 47.4179420000719),power,pole,APPUI,,Enedis,,,,,,,37081,37081,37081,Cléré-les-Pins,Cléré-les-Pins
"""datastore"".""appuiscommuns"".""osmgeodatamine_powsupp__appuiscommuns_supportaerien""",osmgeodatamine_powersupports_extract,node/9420425346,19d31955-5adf-5458-9f00-70324ca6e6f4,POINT (0.3781137 47.4190427000717),power,pole,APPUI,,Enedis,,,,,,,37081,37081,37081,Cléré-les-Pins,Cléré-les-Pins
"""datastore"".""appuiscommuns"".""osmgeodatamine_powsupp__appuiscommuns_supportaerien""",osmgeodatamine_powersupports_extract,node/9420425344,bcea21ab-1465-580a-ae59-ff3c75b324b6,POINT (0.3807691 47.4169778000721),power,pole,APPUI,,Enedis,,,,,,,37081,37081,37081,Cléré-les-Pins,Cléré-les-Pins
"""datastore"".""appuiscommuns"".""osmgeodatamine_powsupp__appuiscommuns_supportaerien""",osmgeodatamine_powersupports_extract,node/9420425343,3a6878c9-ceb2-5d6d-b8a9-8846ca22a579,POINT (0.3825554 47.4160429000723),power,pole,APPUI,,Enedis,,,,,,,37081,37081,37081,Cléré-les-Pins,Cléré-les-Pins
"""datastore"".""appuiscommuns"".""osmgeodatamine_powsupp__appuiscommuns_supportaerien""",osmgeodatamine_powersupports_extract,node/1323153984,1319a23f-8d40-55a3-b678-6f8d798a87ac,POINT (0.3821313 47.4155868000725),power,tower,APPUI,,,,,,,,,37081,37081,37081,Cléré-les-Pins,Cléré-les-Pins
"""datastore"".""appuiscommuns"".""osmgeodatamine_powsupp__appuiscommuns_supportaerien""",osmgeodatamine_powersupports_extract,node/9420425341,7bc919a2-2be7-541d-a50b-c1e8da38e7bd,POINT (0.3839257 47.4154535000725),power,pole,APPUI,,Enedis,,,,,,,37081,37081,37081,Cléré-les-Pins,Cléré-les-Pins
"""datastore"".""appuiscommuns"".""osmgeodatamine_powsupp__appuiscommuns_supportaerien""",osmgeodatamine_powersupports_extract,node/9420425342,577ad06b-cb1f-56db-96a0-09c27813a10e,POINT (0.3838436 47.4153641000725),power,pole,APPUI,,Enedis,,,,,,,37081,37081,37081,Cléré-les-Pins,Cléré-les-Pins
"""datastore"".""appuiscommuns"".""osmgeodatamine_powsupp__appuiscommuns_supportaerien""",osmgeodatamine_powersupports_extract,node/9394360667,129c920a-2ec0-5ae8-92d3-3cd5a2b2cc06,POINT (0.3970863 47.4165291000723),power,pole,APPUI,,Enedis,,,,,,,37081,37081,37081,Cléré-les-Pins,Cléré-les-Pins
"""datastore"".""appuiscommuns"".""osmgeodatamine_powsupp__appuiscommuns_supportaerien""",osmgeodatamine_powersupports_extract,node/9394360662,08ebfc86-b603-590a-9aa4-18a1a5ec4fd3,POINT (0.4024722 47.417913000072),power,pole,APPUI,,Enedis,,,,,,,37081,37081,37081,Cléré-les-Pins,Cléré-les-Pins
"""datastore"".""appuiscommuns"".""osmgeodatamine_powsupp__appuiscommuns_supportaerien""",osmgeodatamine_powersupports_extract,node/9394360666,4a89d86b-7de0-51de-b704-1f54f6f631fb,POINT (0.3982544 47.4167378000722),power,pole,APPUI,,Enedis,,,,,,,37081,37081,37081,Cléré-les-Pins,Cléré-les-Pins
"""datastore"".""appuiscommuns"".""osmgeodatamine_powsupp__appuiscommuns_supportaerien""",osmgeodatamine_powersupports_extract,node/9394360668,ccb9edc7-d568-5525-a2c6-b247573f4c22,POINT (0.3967215 47.4170082000721),power,pole,APPUI,,Enedis,,,,anchor,,,37081,37081,37081,Cléré-les-Pins,Cléré-les-Pins
"""datastore"".""appuiscommuns"".""osmgeodatamine_powsupp__appuiscommuns_supportaerien""",osmgeodatamine_powersupports_extract,node/1323153986,6dace77d-742b-5e5b-8d84-c11e215b417f,POINT (0.3953407 47.4190699000717),power,tower,APPUI,,,,,,,,,37081,37081,37081,Cléré-les-Pins,Cléré-les-Pins
"""datastore"".""appuiscommuns"".""osmgeodatamine_powsupp__appuiscommuns_supportaerien""",osmgeodatamine_powersupports_extract,node/1323153985,e81be507-3fd7-57e7-bf55-78b237d5bb18,POINT (0.3894538 47.417505000072),power,tower,APPUI,,,,,,,,,37081,37081,37081,Cléré-les-Pins,Cléré-les-Pins
"""datastore"".""appuiscommuns"".""osmgeodatamine_powsupp__appuiscommuns_supportaerien""",osmgeodatamine_powersupports_extract,node/1323153987,8dd90979-1033-5ca9-95c0-030875c373c2,POINT (0.4010972 47.4205660000713),power,tower,APPUI,,,,,,,,,37081,37081,37081,Cléré-les-Pins,Cléré-les-Pins
"""datastore"".""appuiscommuns"".""osmgeodatamine_powsupp__appuiscommuns_supportaerien""",osmgeodatamine_powersupports_extract,node/8746750517,921c4e91-0f43-5275-8bce-1e5b0ae646f8,POINT (0.3488225 47.4511357000646),power,pole,APPUI,POTEAU BETON ,Enedis,beton,,,anchor,,,37081,37081,37081,Cléré-les-Pins,Cléré-les-Pins
"""datastore"".""appuiscommuns"".""osmgeodatamine_powsupp__appuiscommuns_supportaerien""",osmgeodatamine_powersupports_extract,node/8746749717,d580f0d5-208c-5eee-bdc8-0672bfba3685,POINT (0.3493785 47.4509197000646),power,pole,APPUI,POTEAU BETON ,Enedis,beton,,,suspension,,,37081,37081,37081,Cléré-les-Pins,Cléré-les-Pins
"""datastore"".""appuiscommuns"".""osmgeodatamine_powsupp__appuiscommuns_supportaerien""",osmgeodatamine_powersupports_extract,node/8752711320,556ce9a4-7224-5b62-9c02-8b04a1a8a8dc,POINT (0.3447134 47.4466881000655),power,pole,APPUI,POTEAU BETON ,Enedis,beton,,,pin,,,37081,37081,37081,Cléré-les-Pins,Cléré-les-Pins
"""datastore"".""appuiscommuns"".""osmgeodatamine_powsupp__appuiscommuns_supportaerien""",osmgeodatamine_powersupports_extract,node/8753035318,e13d3e94-27b7-56c1-97f2-333a11ee8a39,POINT (0.3437067 47.4462732000656),power,pole,APPUI,POTEAU BETON ,Enedis,beton,,,anchor,,,37081,37081,37081,Cléré-les-Pins,Cléré-les-Pins
"""datastore"".""appuiscommuns"".""osmgeodatamine_powsupp__appuiscommuns_supportaerien""",osmgeodatamine_powersupports_extract,node/8752697628,d22f1219-7050-501d-b799-167184deefb9,POINT (0.3452782 47.4469194000655),power,pole,APPUI,POTEAU BETON ,Enedis,beton,,,anchor,,,37081,37081,37081,Cléré-les-Pins,Cléré-les-Pins
"""datastore"".""appuiscommuns"".""osmgeodatamine_powsupp__appuiscommuns_supportaerien""",osmgeodatamine_powersupports_extract,node/8752713422,7c2fe172-fa50-5ff2-945a-be15bbbcbffc,POINT (0.3449605 47.4478324000653),power,pole,APPUI,POTEAU BETON ,Enedis,beton,,,pin,,,37081,37081,37081,Cléré-les-Pins,Cléré-les-Pins
"""datastore"".""appuiscommuns"".""osmgeodatamine_powsupp__appuiscommuns_supportaerien""",osmgeodatamine_powersupports_extract,node/8752713124,67897ec1-a1d4-5749-99c3-5f9571c2ec3c,POINT (0.3464342 47.4473183000654),power,pole,APPUI,POTEAU BETON ,Enedis,beton,,,anchor,,,37081,37081,37081,Cléré-les-Pins,Cléré-les-Pins
"""datastore"".""appuiscommuns"".""osmgeodatamine_powsupp__appuiscommuns_supportaerien""",osmgeodatamine_powersupports_extract,node/8752719925,d7457033-32f4-5dfd-8b03-5e07edd97b9c,POINT (0.3479711 47.4474344000654),power,pole,APPUI,POTEAU BETON ,Enedis,beton,,,pin,,,37081,37081,37081,Cléré-les-Pins,Cléré-les-Pins
"""datastore"".""appuiscommuns"".""osmgeodatamine_powsupp__appuiscommuns_supportaerien""",osmgeodatamine_powersupports_extract,node/8752711727,24551e63-8ae4-5d7d-95d2-2ade70c6a089,POINT (0.3492693 47.4474906000654),power,pole,APPUI,POTEAU BETON ,Enedis,beton,,,pin,,,37081,37081,37081,Cléré-les-Pins,Cléré-les-Pins
"""datastore"".""appuiscommuns"".""osmgeodatamine_powsupp__appuiscommuns_supportaerien""",osmgeodatamine_powersupports_extract,node/8746807817,84c26ebb-569a-5e8b-b9c0-a1da7eb92ba8,POINT (0.3505775 47.4475342000654),power,pole,APPUI,POTEAU BETON ,Enedis,beton,,,anchor,,,37081,37081,37081,Cléré-les-Pins,Cléré-les-Pins
"""datastore"".""appuiscommuns"".""osmgeodatamine_powsupp__appuiscommuns_supportaerien""",osmgeodatamine_powersupports_extract,node/8746919417,e0250029-c8cd-5fac-80bc-5fb4bedcbaf5,POINT (0.3504852 47.4474465000654),power,pole,APPUI,POTEAU BETON ,Enedis,beton,,,suspension,,,37081,37081,37081,Cléré-les-Pins,Cléré-les-Pins
"""datastore"".""appuiscommuns"".""osmgeodatamine_powsupp__appuiscommuns_supportaerien""",osmgeodatamine_powersupports_extract,node/8746796917,cee41c07-deea-5f19-a22b-a613dc4464d4,POINT (0.351076 47.4476079000654),power,pole,APPUI,POTEAU BETON ,Enedis,beton,,,anchor,,,37081,37081,37081,Cléré-les-Pins,Cléré-les-Pins
"""datastore"".""appuiscommuns"".""osmgeodatamine_powsupp__appuiscommuns_supportaerien""",osmgeodatamine_powersupports_extract,node/8746863518,900d2d3a-b6bb-566a-a8eb-887d84ae84fc,POINT (0.3518094 47.4475277000654),power,pole,APPUI,POTEAU BETON ,Enedis,beton,,,suspension,,,37081,37081,37081,Cléré-les-Pins,Cléré-les-Pins
"""datastore"".""appuiscommuns"".""osmgeodatamine_powsupp__appuiscommuns_supportaerien""",osmgeodatamine_powersupports_extract,node/8746848918,66d03e29-8ab3-5053-8e77-7ecc96d37e26,POINT (0.3518424 47.4472698000654),power,pole,APPUI,POTEAU BETON ,Enedis,beton,,,anchor,,,37081,37081,37081,Cléré-les-Pins,Cléré-les-Pins
"""datastore"".""appuiscommuns"".""osmgeodatamine_powsupp__appuiscommuns_supportaerien""",osmgeodatamine_powersupports_extract,node/8746863517,d3e7dc16-c03a-5207-afff-b8f27f1edb88,POINT (0.3522781 47.4478247000653),power,pole,APPUI,POTEAU BETON ,Enedis,beton,,,anchor,,,37081,37081,37081,Cléré-les-Pins,Cléré-les-Pins
"""datastore"".""appuiscommuns"".""osmgeodatamine_powsupp__appuiscommuns_supportaerien""",osmgeodatamine_powersupports_extract,node/8752702917,ccf2b1ab-d04a-566e-a206-1934e309cd1f,POINT (0.3527304 47.4460644000657),power,pole,APPUI,POTEAU BETON ,Enedis,beton,,,suspension,,,37081,37081,37081,Cléré-les-Pins,Cléré-les-Pins
"""datastore"".""appuiscommuns"".""osmgeodatamine_powsupp__appuiscommuns_supportaerien""",osmgeodatamine_powersupports_extract,node/8752706117,51028375-7a75-5d15-a5a6-433acaa4b770,POINT (0.3536689 47.444793500066),power,pole,APPUI,POTEAU BETON ,Enedis,beton,,,suspension,,,37081,37081,37081,Cléré-les-Pins,Cléré-les-Pins
"""datastore"".""appuiscommuns"".""osmgeodatamine_powsupp__appuiscommuns_supportaerien""",osmgeodatamine_powersupports_extract,node/8746725417,37eb6cbe-9f0a-5fa3-b0a3-8bb152d817dc,POINT (0.352223 47.4507329000647),power,pole,APPUI,POTEAU BETON ,Enedis,beton,,,suspension,,,37081,37081,37081,Cléré-les-Pins,Cléré-les-Pins
"""datastore"".""appuiscommuns"".""osmgeodatamine_powsupp__appuiscommuns_supportaerien""",osmgeodatamine_powersupports_extract,node/8746727117,90db96bb-c497-530c-b908-81709cfb7abf,POINT (0.3521337 47.4502575000648),power,pole,APPUI,POTEAU BETON ,Enedis,beton,,,suspension,,,37081,37081,37081,Cléré-les-Pins,Cléré-les-Pins
"""datastore"".""appuiscommuns"".""osmgeodatamine_powsupp__appuiscommuns_supportaerien""",osmgeodatamine_powersupports_extract,node/8746728117,00ebb413-6cfc-56c5-9025-7a5fa0ee577f,POINT (0.3520534 47.4499863000648),power,pole,APPUI,POTEAU BETON ,Enedis,beton,,,anchor,,,37081,37081,37081,Cléré-les-Pins,Cléré-les-Pins
"""datastore"".""appuiscommuns"".""osmgeodatamine_powsupp__appuiscommuns_supportaerien""",osmgeodatamine_powersupports_extract,node/8746790217,235af720-cf1a-5c0b-b150-365a7cd7a9af,POINT (0.3511629 47.4493785000649),power,pole,APPUI,POTEAU BETON ,Enedis,beton,,,pin,,,37081,37081,37081,Cléré-les-Pins,Cléré-les-Pins
"""datastore"".""appuiscommuns"".""osmgeodatamine_powsupp__appuiscommuns_supportaerien""",osmgeodatamine_powersupports_extract,node/8746779319,7bbe5b39-655c-5646-8141-60348d06f2fe,POINT (0.3510606 47.4480496000653),power,pole,APPUI,POTEAU BETON ,Enedis,beton,,,anchor,,,37081,37081,37081,Cléré-les-Pins,Cléré-les-Pins
"""datastore"".""appuiscommuns"".""osmgeodatamine_powsupp__appuiscommuns_supportaerien""",osmgeodatamine_powersupports_extract,node/8746404019,831f1812-4dd2-5d70-b22b-34f4dc2d9f4f,POINT (0.3512039 47.4481417000652),power,pole,APPUI,POTEAU BETON ,Enedis,beton,,,anchor,,,37081,37081,37081,Cléré-les-Pins,Cléré-les-Pins
"""datastore"".""appuiscommuns"".""osmgeodatamine_powsupp__appuiscommuns_supportaerien""",osmgeodatamine_powersupports_extract,node/8746791317,15219f35-ab88-523e-908c-b0418deb3f40,POINT (0.3512 47.4484818000651),power,pole,APPUI,POTEAU BETON ,Enedis,beton,,,anchor,,,37081,37081,37081,Cléré-les-Pins,Cléré-les-Pins
"""datastore"".""appuiscommuns"".""osmgeodatamine_powsupp__appuiscommuns_supportaerien""",osmgeodatamine_powersupports_extract,node/8746731117,feb41ef4-f610-55e6-b157-6da0c0e0084d,POINT (0.3515065 47.4499596000648),power,pole,APPUI,POTEAU BETON ,Enedis,beton,,,anchor,,,37081,37081,37081,Cléré-les-Pins,Cléré-les-Pins
"""datastore"".""appuiscommuns"".""osmgeodatamine_powsupp__appuiscommuns_supportaerien""",osmgeodatamine_powersupports_extract,node/8746413217,ba0dc2d4-220c-568c-a90c-8febac29f3cd,POINT (0.351126 47.4502583000647),power,pole,APPUI,POTEAU BETON ,Enedis,beton,,,anchor,,,37081,37081,37081,Cléré-les-Pins,Cléré-les-Pins
"""datastore"".""appuiscommuns"".""osmgeodatamine_powsupp__appuiscommuns_supportaerien""",osmgeodatamine_powersupports_extract,node/8746742817,e80d81f3-4b56-5d96-8706-93b9f2f88374,POINT (0.3505312 47.4504519000647),power,pole,APPUI,POTEAU BETON ,Enedis,beton,,,suspension,,,37081,37081,37081,Cléré-les-Pins,Cléré-les-Pins
"""datastore"".""appuiscommuns"".""osmgeodatamine_powsupp__appuiscommuns_supportaerien""",osmgeodatamine_powersupports_extract,node/8746745017,90628c8d-a62d-50a8-9e8c-44bd224088c0,POINT (0.3499446 47.4506927000647),power,pole,APPUI,POTEAU BETON ,Enedis,beton,,,suspension,,,37081,37081,37081,Cléré-les-Pins,Cléré-les-Pins
"""datastore"".""appuiscommuns"".""osmgeodatamine_powsupp__appuiscommuns_supportaerien""",osmgeodatamine_powersupports_extract,node/8746712518,afe8955b-330a-538f-9e8d-38e3c63011d9,POINT (0.3523619 47.4513411000645),power,pole,APPUI,POTEAU BETON ,Enedis,beton,,,anchor,,,37081,37081,37081,Cléré-les-Pins,Cléré-les-Pins
"""datastore"".""appuiscommuns"".""osmgeodatamine_powsupp__appuiscommuns_supportaerien""",osmgeodatamine_powersupports_extract,node/8746718917,d7d62298-d018-5d2d-b0f7-b93581e222a7,POINT (0.3522165 47.4514077000645),power,pole,APPUI,POTEAU BETON ,Enedis,beton,,,suspension,,,37081,37081,37081,Cléré-les-Pins,Cléré-les-Pins
"""datastore"".""appuiscommuns"".""osmgeodatamine_powsupp__appuiscommuns_supportaerien""",osmgeodatamine_powersupports_extract,node/8746700817,90242f91-595c-530e-8404-c193176c92b1,POINT (0.352849 47.4521964000643),power,pole,APPUI,POTEAU BETON ,Enedis,beton,,,suspension,,,37081,37081,37081,Cléré-les-Pins,Cléré-les-Pins
"""datastore"".""appuiscommuns"".""osmgeodatamine_powsupp__appuiscommuns_supportaerien""",osmgeodatamine_powersupports_extract,node/8746707617,3d137974-a198-5cb9-bad9-6608288672a6,POINT (0.35259 47.4519110000644),power,pole,APPUI,POTEAU BETON ,Enedis,beton,,,anchor,,,37081,37081,37081,Cléré-les-Pins,Cléré-les-Pins
"""datastore"".""appuiscommuns"".""osmgeodatamine_powsupp__appuiscommuns_supportaerien""",osmgeodatamine_powersupports_extract,node/8746698817,632f4172-9183-5c92-a090-bf0d64aa86aa,POINT (0.3531778 47.4525419000643),power,pole,APPUI,POTEAU BETON ,Enedis,beton,,,suspension,,,37081,37081,37081,Cléré-les-Pins,Cléré-les-Pins
"""datastore"".""appuiscommuns"".""osmgeodatamine_powsupp__appuiscommuns_supportaerien""",osmgeodatamine_powersupports_extract,node/8746671918,45b4a2e7-faa0-5bd7-a9d7-c5f49e71e103,POINT (0.3534558 47.4528116000642),power,pole,APPUI,POTEAU BETON ,Enedis,beton,,,suspension,,,37081,37081,37081,Cléré-les-Pins,Cléré-les-Pins
"""datastore"".""appuiscommuns"".""osmgeodatamine_powsupp__appuiscommuns_supportaerien""",osmgeodatamine_powersupports_extract,node/8746680617,247f8b85-c395-51e3-bcfa-80da364dc212,POINT (0.3537928 47.4531342000641),power,pole,APPUI,POTEAU BETON ,Enedis,beton,,,anchor,,,37081,37081,37081,Cléré-les-Pins,Cléré-les-Pins
"""datastore"".""appuiscommuns"".""osmgeodatamine_powsupp__appuiscommuns_supportaerien""",osmgeodatamine_powersupports_extract,node/8746515617,70029e62-5aa8-5887-af3a-1c6e3f032951,POINT (0.3632939 47.4526162000642),power,pole,APPUI,POTEAU BETON ,Enedis,beton,,,pin,,,37081,37081,37081,Cléré-les-Pins,Cléré-les-Pins
"""datastore"".""appuiscommuns"".""osmgeodatamine_powsupp__appuiscommuns_supportaerien""",osmgeodatamine_powersupports_extract,node/8746494618,c31559b9-b799-528c-961b-280d84792dbc,POINT (0.3627583 47.453465500064),power,pole,APPUI,POTEAU BETON ,Enedis,beton,,,anchor,,,37081,37081,37081,Cléré-les-Pins,Cléré-les-Pins
"""datastore"".""appuiscommuns"".""osmgeodatamine_powsupp__appuiscommuns_supportaerien""",osmgeodatamine_powersupports_extract,node/8746494617,9ab76779-d49b-53ac-b598-3e1aa7867581,POINT (0.363174 47.453491000064),power,pole,APPUI,POTEAU BETON ,Enedis,beton,,,suspension,,,37081,37081,37081,Cléré-les-Pins,Cléré-les-Pins
"""datastore"".""appuiscommuns"".""osmgeodatamine_powsupp__appuiscommuns_supportaerien""",osmgeodatamine_powersupports_extract,node/8746489717,5fbfbe4e-adbc-55f0-ac60-977be0f3a52c,POINT (0.3646014 47.453604800064),power,pole,APPUI,POTEAU BETON ,Enedis,beton,,,anchor,,,37081,37081,37081,Cléré-les-Pins,Cléré-les-Pins
"""datastore"".""appuiscommuns"".""osmgeodatamine_powsupp__appuiscommuns_supportaerien""",osmgeodatamine_powersupports_extract,node/8746316151,98d33e9a-52b0-507a-8bfb-c7499f15c481,POINT (0.3636096 47.453522400064),power,pole,APPUI,POTEAU BETON ,Enedis,beton,,,anchor,,,37081,37081,37081,Cléré-les-Pins,Cléré-les-Pins
"""datastore"".""appuiscommuns"".""osmgeodatamine_powsupp__appuiscommuns_supportaerien""",osmgeodatamine_powersupports_extract,node/8746489718,d8c6feb4-157e-5c35-a577-a6417a087c1f,POINT (0.3640537 47.453558900064),power,pole,APPUI,POTEAU BETON ,Enedis,beton,,,suspension,,,37081,37081,37081,Cléré-les-Pins,Cléré-les-Pins
"""datastore"".""appuiscommuns"".""osmgeodatamine_powsupp__appuiscommuns_supportaerien""",osmgeodatamine_powersupports_extract,node/8736399124,4ac1e19a-65a9-57cb-a64c-44ee9144f615,POINT (0.3635291 47.4479653000653),power,pole,APPUI,POTEAU BETON ,Enedis,beton,,,pin,,,37081,37081,37081,Cléré-les-Pins,Cléré-les-Pins
"""datastore"".""appuiscommuns"".""osmgeodatamine_powsupp__appuiscommuns_supportaerien""",osmgeodatamine_powersupports_extract,node/8736399427,f8a01b82-4719-5f33-b958-548a335916e2,POINT (0.3633341 47.449029200065),power,pole,APPUI,POTEAU BETON ,Enedis,beton,,,pin,,,37081,37081,37081,Cléré-les-Pins,Cléré-les-Pins
"""datastore"".""appuiscommuns"".""osmgeodatamine_powsupp__appuiscommuns_supportaerien""",osmgeodatamine_powersupports_extract,node/8746554508,727599e7-af77-5276-98c1-0e88b95b4cef,POINT (0.3630745 47.4508679000646),power,pole,APPUI,POTEAU BETON ,,beton,,,,,,37081,37081,37081,Cléré-les-Pins,Cléré-les-Pins
"""datastore"".""appuiscommuns"".""osmgeodatamine_powsupp__appuiscommuns_supportaerien""",osmgeodatamine_powersupports_extract,node/8736399426,4096b666-da49-544b-a28a-35c85a63ce5b,POINT (0.3631794 47.4498882000648),power,pole,APPUI,POTEAU BETON ,Enedis,beton,,,pin,,,37081,37081,37081,Cléré-les-Pins,Cléré-les-Pins
"""datastore"".""appuiscommuns"".""osmgeodatamine_powsupp__appuiscommuns_supportaerien""",osmgeodatamine_powersupports_extract,node/8736500217,f95be776-4598-5800-88d7-24916afe3a2e,POINT (0.3607578 47.4481465000652),power,pole,APPUI,POTEAU BETON ,Enedis,beton,,,anchor,,,37081,37081,37081,Cléré-les-Pins,Cléré-les-Pins
"""datastore"".""appuiscommuns"".""osmgeodatamine_powsupp__appuiscommuns_supportaerien""",osmgeodatamine_powersupports_extract,node/8736504135,49bdc458-0104-5262-87e7-eebd6622ec6b,POINT (0.362406 47.4478314000653),power,pole,APPUI,POTEAU BETON ,Enedis,beton,,,anchor,,,37081,37081,37081,Cléré-les-Pins,Cléré-les-Pins
"""datastore"".""appuiscommuns"".""osmgeodatamine_powsupp__appuiscommuns_supportaerien""",osmgeodatamine_powersupports_extract,node/8736502956,0b65e672-3871-5eb6-9d94-5e73831b569f,POINT (0.3619398 47.4476138000653),power,pole,APPUI,POTEAU BETON ,Enedis,beton,,,anchor,,,37081,37081,37081,Cléré-les-Pins,Cléré-les-Pins
"""datastore"".""appuiscommuns"".""osmgeodatamine_powsupp__appuiscommuns_supportaerien""",osmgeodatamine_powersupports_extract,node/8736502922,18065f64-af94-5f8f-96a4-3faf1830f3d3,POINT (0.3614459 47.4476942000653),power,pole,APPUI,POTEAU BETON ,Enedis,beton,,,anchor,,,37081,37081,37081,Cléré-les-Pins,Cléré-les-Pins
"""datastore"".""appuiscommuns"".""osmgeodatamine_powsupp__appuiscommuns_supportaerien""",osmgeodatamine_powersupports_extract,node/8736482618,57df664f-7e83-503e-bb6d-072774005a79,POINT (0.3606805 47.4477402000653),power,pole,APPUI,POTEAU BETON ,Enedis,beton,,,suspension,,,37081,37081,37081,Cléré-les-Pins,Cléré-les-Pins
"""datastore"".""appuiscommuns"".""osmgeodatamine_powsupp__appuiscommuns_supportaerien""",osmgeodatamine_powersupports_extract,node/8736487417,409b2a30-168b-571d-8da6-916338937676,POINT (0.3601623 47.4475660000653),power,pole,APPUI,POTEAU BETON ,Enedis,beton,,,anchor,,,37081,37081,37081,Cléré-les-Pins,Cléré-les-Pins
"""datastore"".""appuiscommuns"".""osmgeodatamine_powsupp__appuiscommuns_supportaerien""",osmgeodatamine_powersupports_extract,node/8746465017,a7b72137-41f3-566f-8a5a-768c1a372f55,POINT (0.3598442 47.4475257000654),power,pole,APPUI,POTEAU BETON ,Enedis,beton,,,anchor,,,37081,37081,37081,Cléré-les-Pins,Cléré-les-Pins
"""datastore"".""appuiscommuns"".""osmgeodatamine_powsupp__appuiscommuns_supportaerien""",osmgeodatamine_powersupports_extract,node/8736482617,877aaee5-0c65-586f-815f-f8991a67c260,POINT (0.3594466 47.4476334000653),power,pole,APPUI,POTEAU BETON ,Enedis,beton,,,anchor,,yes,37081,37081,37081,Cléré-les-Pins,Cléré-les-Pins
"""datastore"".""appuiscommuns"".""osmgeodatamine_powsupp__appuiscommuns_supportaerien""",osmgeodatamine_powersupports_extract,node/8736418824,69bf17cd-efc0-5692-b39a-b9cb7cce7505,POINT (0.3608026 47.4454230000658),power,pole,APPUI,POTEAU BETON ,Enedis,beton,,,suspension,,,37081,37081,37081,Cléré-les-Pins,Cléré-les-Pins
"""datastore"".""appuiscommuns"".""osmgeodatamine_powsupp__appuiscommuns_supportaerien""",osmgeodatamine_powersupports_extract,node/8736400088,8c711ba2-fd51-56e1-afca-08fdb99f89e5,POINT (0.3625723 47.4462359000656),power,pole,APPUI,POTEAU BETON ,Enedis,beton,,,suspension,,,37081,37081,37081,Cléré-les-Pins,Cléré-les-Pins
"""datastore"".""appuiscommuns"".""osmgeodatamine_powsupp__appuiscommuns_supportaerien""",osmgeodatamine_powersupports_extract,node/8736447417,1d2c292c-95b3-5076-972e-c99efe26049e,POINT (0.3639535 47.4467661000655),power,pole,APPUI,POTEAU BETON ,Enedis,beton,,,anchor,,,37081,37081,37081,Cléré-les-Pins,Cléré-les-Pins
"""datastore"".""appuiscommuns"".""osmgeodatamine_powsupp__appuiscommuns_supportaerien""",osmgeodatamine_powersupports_extract,node/8736418825,af43cdb8-04ac-5e4a-8107-23283d5fa811,POINT (0.363736 47.4467638000655),power,pole,APPUI,POTEAU BETON ,Enedis,beton,,,anchor,,,37081,37081,37081,Cléré-les-Pins,Cléré-les-Pins
"""datastore"".""appuiscommuns"".""osmgeodatamine_powsupp__appuiscommuns_supportaerien""",osmgeodatamine_powersupports_extract,node/8736382817,9e90dfdd-f3b2-5c84-a378-3a0fa12d9de1,POINT (0.363591 47.4475859000654),power,pole,APPUI,POTEAU BETON ,Enedis,beton,,37081ER073,anchor,,yes,37081,37081,37081,Cléré-les-Pins,Cléré-les-Pins
"""datastore"".""appuiscommuns"".""osmgeodatamine_powsupp__appuiscommuns_supportaerien""",osmgeodatamine_powersupports_extract,node/8740097382,1693796a-6b35-5cae-8691-a6cfccb071d3,POINT (0.3653171 47.4467485000655),power,pole,APPUI,POTEAU BETON ,Enedis,beton,,,suspension,,,37081,37081,37081,Cléré-les-Pins,Cléré-les-Pins
"""datastore"".""appuiscommuns"".""osmgeodatamine_powsupp__appuiscommuns_supportaerien""",osmgeodatamine_powersupports_extract,node/8740082936,6aa1adfa-9cf7-51d5-8156-84ac58475643,POINT (0.3669428 47.4467391000656),power,pole,APPUI,POTEAU BETON ,Enedis,beton,,,suspension,,,37081,37081,37081,Cléré-les-Pins,Cléré-les-Pins
"""datastore"".""appuiscommuns"".""osmgeodatamine_powsupp__appuiscommuns_supportaerien""",osmgeodatamine_powersupports_extract,node/8736418058,2dcb1daa-a9f5-5562-956a-fca197b6babd,POINT (0.3592838 47.444739500066),power,pole,APPUI,POTEAU BETON ,Enedis,beton,,,suspension,,,37081,37081,37081,Cléré-les-Pins,Cléré-les-Pins
"""datastore"".""appuiscommuns"".""osmgeodatamine_powsupp__appuiscommuns_supportaerien""",osmgeodatamine_powersupports_extract,node/8742534417,4142d24a-1a22-5b98-ab27-a2a7214a401c,POINT (0.3741432 47.4443645000661),power,pole,APPUI,POTEAU BETON ,Enedis,beton,,,suspension,,,37081,37081,37081,Cléré-les-Pins,Cléré-les-Pins
"""datastore"".""appuiscommuns"".""osmgeodatamine_powsupp__appuiscommuns_supportaerien""",osmgeodatamine_powersupports_extract,node/8742540217,98153ecb-2f1d-5e83-8d14-67ceb97ead41,POINT (0.3748009 47.4441203000661),power,pole,APPUI,POTEAU BETON ,Enedis,beton,,,anchor,,,37081,37081,37081,Cléré-les-Pins,Cléré-les-Pins
"""datastore"".""appuiscommuns"".""osmgeodatamine_powsupp__appuiscommuns_supportaerien""",osmgeodatamine_powersupports_extract,node/8742544017,0295d766-9129-55b6-9257-1eac34d6464f,POINT (0.3755764 47.4439342000662),power,pole,APPUI,POTEAU BETON ,Enedis,beton,,,anchor,,,37081,37081,37081,Cléré-les-Pins,Cléré-les-Pins
"""datastore"".""appuiscommuns"".""osmgeodatamine_powsupp__appuiscommuns_supportaerien""",osmgeodatamine_powersupports_extract,node/8731154918,66c1777a-404e-56d4-ac98-bc43caade525,POINT (0.3811656 47.4412630000668),power,pole,APPUI,POTEAU BETON ,Enedis,beton,,,,,,37081,37081,37081,Cléré-les-Pins,Cléré-les-Pins
"""datastore"".""appuiscommuns"".""osmgeodatamine_powsupp__appuiscommuns_supportaerien""",osmgeodatamine_powersupports_extract,node/8733081227,f9aedd8b-67ae-57db-aad4-9122c5e39a40,POINT (0.3809148 47.4413343000667),power,pole,APPUI,POTEAU BETON ,Enedis,beton,,,anchor,,,37081,37081,37081,Cléré-les-Pins,Cléré-les-Pins
"""datastore"".""appuiscommuns"".""osmgeodatamine_powsupp__appuiscommuns_supportaerien""",osmgeodatamine_powersupports_extract,node/8731434817,9e816da0-112e-56b3-9672-0d6c420f1940,POINT (0.3837475 47.4404957000669),power,pole,APPUI,POTEAU BETON ,Enedis,beton,,,anchor,,yes,37081,37081,37081,Cléré-les-Pins,Cléré-les-Pins
"""datastore"".""appuiscommuns"".""osmgeodatamine_powsupp__appuiscommuns_supportaerien""",osmgeodatamine_powersupports_extract,node/8731438717,bc73fd7c-e7b5-5ead-b9f3-7b41638809b9,POINT (0.3842037 47.4398420000671),power,pole,APPUI,POTEAU BETON ,Enedis,beton,,,anchor,,yes,37081,37081,37081,Cléré-les-Pins,Cléré-les-Pins
"""datastore"".""appuiscommuns"".""osmgeodatamine_powsupp__appuiscommuns_supportaerien""",osmgeodatamine_powersupports_extract,node/8742897417,3efbc178-ffc6-5e2c-8e15-8e815fe77477,POINT (0.3856919 47.4399406000671),power,pole,APPUI,POTEAU BETON ,Enedis,beton,,,suspension,,,37081,37081,37081,Cléré-les-Pins,Cléré-les-Pins
"""datastore"".""appuiscommuns"".""osmgeodatamine_powsupp__appuiscommuns_supportaerien""",osmgeodatamine_powersupports_extract,node/8757375918,a4fcd1a2-f65e-52ae-b309-9e01c092297d,POINT (0.3963975 47.4406352000669),power,pole,APPUI,POTEAU BETON ,Enedis,beton,,,suspension,,,37081,37081,37081,Cléré-les-Pins,Cléré-les-Pins
"""datastore"".""appuiscommuns"".""osmgeodatamine_powsupp__appuiscommuns_supportaerien""",osmgeodatamine_powersupports_extract,node/8757346918,536c1133-3880-5586-9953-ecb41b01b1c8,POINT (0.398332 47.4407652000669),power,pole,APPUI,,Enedis,,,,anchor,,yes,37081,37081,37081,Cléré-les-Pins,Cléré-les-Pins
"""datastore"".""appuiscommuns"".""osmgeodatamine_powsupp__appuiscommuns_supportaerien""",osmgeodatamine_powersupports_extract,node/8757371917,587a7781-ed22-59cd-838a-564abe571b24,POINT (0.3983355 47.4407524000669),power,pole,APPUI,,Enedis,,,,anchor,,,37081,37081,37081,Cléré-les-Pins,Cléré-les-Pins
"""datastore"".""appuiscommuns"".""osmgeodatamine_powsupp__appuiscommuns_supportaerien""",osmgeodatamine_powersupports_extract,node/8756217217,2fcdac70-c900-5806-836f-fc26a41dc0e4,POINT (0.3983371 47.4411606000668),power,pole,APPUI,POTEAU BETON ,Enedis,beton,,,anchor,,,37081,37081,37081,Cléré-les-Pins,Cléré-les-Pins
"""datastore"".""appuiscommuns"".""osmgeodatamine_powsupp__appuiscommuns_supportaerien""",osmgeodatamine_powersupports_extract,node/8757324518,c4db64dc-84e8-5f70-8d87-cd9407613deb,POINT (0.4021299 47.4388488000673),power,pole,APPUI,POTEAU BETON ,Enedis,beton,,,anchor,,,37081,37081,37081,Cléré-les-Pins,Cléré-les-Pins
"""datastore"".""appuiscommuns"".""osmgeodatamine_powsupp__appuiscommuns_supportaerien""",osmgeodatamine_powersupports_extract,node/8757336317,53e1c769-9b23-564c-945d-79ad618b1564,POINT (0.4025976 47.4391965000672),power,pole,APPUI,POTEAU BETON ,Enedis,beton,,,suspension,,,37081,37081,37081,Cléré-les-Pins,Cléré-les-Pins
"""datastore"".""appuiscommuns"".""osmgeodatamine_powsupp__appuiscommuns_supportaerien""",osmgeodatamine_powersupports_extract,node/8757318517,75687565-9b2f-5123-adb9-bfae7ef87d06,POINT (0.4036449 47.439980300067),power,pole,APPUI,POTEAU BETON ,Enedis,beton,,,anchor,,,37081,37081,37081,Cléré-les-Pins,Cléré-les-Pins
"""datastore"".""appuiscommuns"".""osmgeodatamine_powsupp__appuiscommuns_supportaerien""",osmgeodatamine_powersupports_extract,node/8757330617,13aa0aeb-54fb-5d86-988e-ad60f067dcf1,POINT (0.40311 47.4395786000671),power,pole,APPUI,POTEAU BETON ,Enedis,beton,,,suspension,,,37081,37081,37081,Cléré-les-Pins,Cléré-les-Pins
"""datastore"".""appuiscommuns"".""osmgeodatamine_powsupp__appuiscommuns_supportaerien""",osmgeodatamine_powersupports_extract,node/8757323920,9db9f391-22dc-5ffc-a61e-ab32ec43b2db,POINT (0.4029176 47.4408339000668),power,pole,APPUI,POTEAU BETON ,Enedis,beton,,,suspension,,,37081,37081,37081,Cléré-les-Pins,Cléré-les-Pins
"""datastore"".""appuiscommuns"".""osmgeodatamine_powsupp__appuiscommuns_supportaerien""",osmgeodatamine_powersupports_extract,node/8757325618,41a8adbe-64da-5203-aa24-330c06218f7f,POINT (0.4033639 47.440334600067),power,pole,APPUI,POTEAU METAL ,Enedis,acier,,,suspension,,,37081,37081,37081,Cléré-les-Pins,Cléré-les-Pins
"""datastore"".""appuiscommuns"".""osmgeodatamine_powsupp__appuiscommuns_supportaerien""",osmgeodatamine_powersupports_extract,node/8757318519,55cecc87-bbfa-5a3a-8f05-a0f7e73293a6,POINT (0.4045934 47.4414845000667),power,pole,APPUI,POTEAU BETON ,Enedis,beton,,,suspension,,,37081,37081,37081,Cléré-les-Pins,Cléré-les-Pins
"""datastore"".""appuiscommuns"".""osmgeodatamine_powsupp__appuiscommuns_supportaerien""",osmgeodatamine_powersupports_extract,node/8757325617,eee80313-2ae0-5690-93fe-40bb107a333f,POINT (0.4038881 47.4414337000667),power,pole,APPUI,POTEAU BETON ,Enedis,beton,,,suspension,,,37081,37081,37081,Cléré-les-Pins,Cléré-les-Pins
"""datastore"".""appuiscommuns"".""osmgeodatamine_powsupp__appuiscommuns_supportaerien""",osmgeodatamine_powersupports_extract,node/8757323918,8b347b2f-8251-57bc-8645-f711318aab96,POINT (0.4032008 47.4413874000667),power,pole,APPUI,POTEAU BETON ,Enedis,beton,,,suspension,,,37081,37081,37081,Cléré-les-Pins,Cléré-les-Pins
"""datastore"".""appuiscommuns"".""osmgeodatamine_powsupp__appuiscommuns_supportaerien""",osmgeodatamine_powersupports_extract,node/8757320717,e6f10403-02a7-57fd-9abc-703a918b4891,POINT (0.4025115 47.4413605000668),power,pole,APPUI,POTEAU BETON ,Enedis,beton,,,anchor,split,yes,37081,37081,37081,Cléré-les-Pins,Cléré-les-Pins
"""datastore"".""appuiscommuns"".""osmgeodatamine_powsupp__appuiscommuns_supportaerien""",osmgeodatamine_powersupports_extract,node/8757324517,bd49292b-3581-5d76-9079-9095dbc0252a,POINT (0.4021869 47.4415334000667),power,pole,APPUI,POTEAU BETON ,Enedis,beton,,,suspension,,,37081,37081,37081,Cléré-les-Pins,Cléré-les-Pins
"""datastore"".""appuiscommuns"".""osmgeodatamine_powsupp__appuiscommuns_supportaerien""",osmgeodatamine_powersupports_extract,node/8757322617,d3bddea3-1be5-566c-86ce-62dcc51f02f2,POINT (0.4012884 47.4419368000666),power,pole,APPUI,POTEAU BETON ,Enedis,beton,,,anchor,,,37081,37081,37081,Cléré-les-Pins,Cléré-les-Pins
"""datastore"".""appuiscommuns"".""osmgeodatamine_powsupp__appuiscommuns_supportaerien""",osmgeodatamine_powersupports_extract,node/8757323917,d576b625-1642-5013-b4cc-8119ad37e624,POINT (0.401808 47.4417189000667),power,pole,APPUI,POTEAU BETON ,Enedis,beton,,,suspension,,,37081,37081,37081,Cléré-les-Pins,Cléré-les-Pins
"""datastore"".""appuiscommuns"".""osmgeodatamine_powsupp__appuiscommuns_supportaerien""",osmgeodatamine_powersupports_extract,node/8739872511,7f676d17-cd1c-5fad-9745-1c96cfcb447e,POINT (0.3805612 47.449032700065),power,pole,APPUI,POTEAU BETON ,Enedis,beton,,,,,,37081,37081,37081,Cléré-les-Pins,Cléré-les-Pins
"""datastore"".""appuiscommuns"".""osmgeodatamine_powsupp__appuiscommuns_supportaerien""",osmgeodatamine_powersupports_extract,node/8742931018,dff465a1-7774-5403-aa4d-ac2b6befd466,POINT (0.3920959 47.4418409000666),power,pole,APPUI,POTEAU BETON ,Enedis,beton,,,anchor,,yes,37081,37081,37081,Cléré-les-Pins,Cléré-les-Pins
"""datastore"".""appuiscommuns"".""osmgeodatamine_powsupp__appuiscommuns_supportaerien""",osmgeodatamine_powersupports_extract,node/8757375917,7c995346-669a-5e71-b246-f4da03f3d171,POINT (0.394256 47.4404916000669),power,pole,APPUI,POTEAU BETON ,Enedis,beton,,,suspension,,,37081,37081,37081,Cléré-les-Pins,Cléré-les-Pins
"""datastore"".""appuiscommuns"".""osmgeodatamine_powsupp__appuiscommuns_supportaerien""",osmgeodatamine_powersupports_extract,node/8742931017,5288fffb-d3fe-58ee-8197-435fb83a0fcc,POINT (0.3926036 47.440390100067),power,pole,APPUI,POTEAU BETON ,Enedis,beton,,,suspension,,,37081,37081,37081,Cléré-les-Pins,Cléré-les-Pins
"""datastore"".""appuiscommuns"".""osmgeodatamine_powsupp__appuiscommuns_supportaerien""",osmgeodatamine_powersupports_extract,node/8742924018,69c8ac57-ec42-56c0-a4c0-fe3450e67908,POINT (0.3923361 47.4411326000668),power,pole,APPUI,POTEAU BETON ,Enedis,beton,,,suspension,,,37081,37081,37081,Cléré-les-Pins,Cléré-les-Pins
"""datastore"".""appuiscommuns"".""osmgeodatamine_powsupp__appuiscommuns_supportaerien""",osmgeodatamine_powersupports_extract,node/8742899617,0155b3f6-ac79-5c18-85b5-c0cb66b84c64,POINT (0.3887379 47.440134400067),power,pole,APPUI,POTEAU BETON ,Enedis,beton,,,suspension,,,37081,37081,37081,Cléré-les-Pins,Cléré-les-Pins
"""datastore"".""appuiscommuns"".""osmgeodatamine_powsupp__appuiscommuns_supportaerien""",osmgeodatamine_powersupports_extract,node/8742924017,261951d4-16aa-54e1-8d78-5a7aa3e865e1,POINT (0.3901942 47.440233900067),power,pole,APPUI,POTEAU BETON ,Enedis,beton,,,suspension,,,37081,37081,37081,Cléré-les-Pins,Cléré-les-Pins
"""datastore"".""appuiscommuns"".""osmgeodatamine_powsupp__appuiscommuns_supportaerien""",osmgeodatamine_powersupports_extract,node/8742901917,074d89cb-a4ae-5d49-98dd-d391bd634979,POINT (0.3872466 47.440040600067),power,pole,APPUI,POTEAU BETON ,Enedis,beton,,,suspension,,,37081,37081,37081,Cléré-les-Pins,Cléré-les-Pins
"""datastore"".""appuiscommuns"".""osmgeodatamine_powsupp__appuiscommuns_supportaerien""",osmgeodatamine_powersupports_extract,node/8733967817,6beaca5e-d614-52e3-9211-d90f514bc4b1,POINT (0.3891178 47.4540076000639),power,pole,APPUI,POTEAU BETON ,Enedis,beton,,,pin,,,37081,37081,37081,Cléré-les-Pins,Cléré-les-Pins
"""datastore"".""appuiscommuns"".""osmgeodatamine_powsupp__appuiscommuns_supportaerien""",osmgeodatamine_powersupports_extract,node/8733967017,c84f821a-d173-5282-aba1-82f32e69c3d7,POINT (0.389969 47.4532711000641),power,pole,APPUI,POTEAU BETON ,Enedis,beton,,,pin,,,37081,37081,37081,Cléré-les-Pins,Cléré-les-Pins
"""datastore"".""appuiscommuns"".""osmgeodatamine_powsupp__appuiscommuns_supportaerien""",osmgeodatamine_powersupports_extract,node/8728387718,2415945e-4788-5777-84fb-0c6ce946b999,POINT (0.3907168 47.4526548000642),power,pole,APPUI,POTEAU BETON ,Enedis,beton,,,,,,37081,37081,37081,Cléré-les-Pins,Cléré-les-Pins
"""datastore"".""appuiscommuns"".""osmgeodatamine_powsupp__appuiscommuns_supportaerien""",osmgeodatamine_powersupports_extract,node/8733973617,8142b580-0a97-52af-aad0-0777072d9a77,POINT (0.3875243 47.4553432000636),power,pole,APPUI,POTEAU BETON ,Enedis,beton,,,pin,,,37081,37081,37081,Cléré-les-Pins,Cléré-les-Pins
"""datastore"".""appuiscommuns"".""osmgeodatamine_powsupp__appuiscommuns_supportaerien""",osmgeodatamine_powersupports_extract,node/8734253417,2b3becfa-2c86-5f4b-a3bc-8353e099855b,POINT (0.3884507 47.4568289000633),power,pole,APPUI,POTEAU BETON ,Enedis,beton,,,anchor,,,37081,37081,37081,Cléré-les-Pins,Cléré-les-Pins
"""datastore"".""appuiscommuns"".""osmgeodatamine_powsupp__appuiscommuns_supportaerien""",osmgeodatamine_powersupports_extract,node/8734260617,f4de1227-5e04-59ef-9428-7873f45993f7,POINT (0.3880268 47.4565050000634),power,pole,APPUI,POTEAU BETON ,Enedis,beton,,,suspension,,,37081,37081,37081,Cléré-les-Pins,Cléré-les-Pins
"""datastore"".""appuiscommuns"".""osmgeodatamine_powsupp__appuiscommuns_supportaerien""",osmgeodatamine_powersupports_extract,node/8733977917,41ab45cc-c2f7-54c8-890a-d7e2d3699f8b,POINT (0.3868409 47.4559267000635),power,pole,APPUI,POTEAU BETON ,Enedis,beton,,,pin,,,37081,37081,37081,Cléré-les-Pins,Cléré-les-Pins
"""datastore"".""appuiscommuns"".""osmgeodatamine_powsupp__appuiscommuns_supportaerien""",osmgeodatamine_powersupports_extract,node/8728422617,f7c3df17-c770-598f-9a1a-64efe0722611,POINT (0.3868154 47.4564770000634),power,pole,APPUI,POTEAU BETON ,Enedis,beton,,,,,,37081,37081,37081,Cléré-les-Pins,Cléré-les-Pins
"""datastore"".""appuiscommuns"".""osmgeodatamine_powsupp__appuiscommuns_supportaerien""",osmgeodatamine_powersupports_extract,node/8734263017,f646870f-f00c-502e-9151-ce5b8765e261,POINT (0.3874243 47.4564908000634),power,pole,APPUI,POTEAU BETON ,Enedis,beton,,,suspension,,,37081,37081,37081,Cléré-les-Pins,Cléré-les-Pins
"""datastore"".""appuiscommuns"".""osmgeodatamine_powsupp__appuiscommuns_supportaerien""",osmgeodatamine_powersupports_extract,node/8733515217,7b715df9-f755-5761-855c-19ecf8db93f7,POINT (0.3861967 47.4564587000634),power,pole,APPUI,POTEAU BETON ,Enedis,beton,,,anchor,,,37081,37081,37081,Cléré-les-Pins,Cléré-les-Pins
"""datastore"".""appuiscommuns"".""osmgeodatamine_powsupp__appuiscommuns_supportaerien""",osmgeodatamine_powersupports_extract,node/8733990917,9c90d9e7-8a2a-5a1d-935f-6e43927373ee,POINT (0.3846369 47.4560375000635),power,pole,APPUI,POTEAU BETON ,Enedis,beton,,,pin,,,37081,37081,37081,Cléré-les-Pins,Cléré-les-Pins
"""datastore"".""appuiscommuns"".""osmgeodatamine_powsupp__appuiscommuns_supportaerien""",osmgeodatamine_powersupports_extract,node/8733582463,841dde16-f64e-5cb4-88bc-6616536d1d41,POINT (0.3846324 47.4560359000635),power,pole,APPUI,POTEAU BETON ,Enedis,beton,,,anchor,,,37081,37081,37081,Cléré-les-Pins,Cléré-les-Pins
"""datastore"".""appuiscommuns"".""osmgeodatamine_powsupp__appuiscommuns_supportaerien""",osmgeodatamine_powersupports_extract,node/8734275117,e8763bdd-732e-528f-849b-c3e3c7dc8f2b,POINT (0.3859058 47.4561933000634),power,pole,APPUI,POTEAU BETON ,Enedis,beton,,,anchor,,,37081,37081,37081,Cléré-les-Pins,Cléré-les-Pins
"""datastore"".""appuiscommuns"".""osmgeodatamine_powsupp__appuiscommuns_supportaerien""",osmgeodatamine_powersupports_extract,node/8734275118,66e462e2-14ee-5c94-84ea-e29cef98a3f3,POINT (0.3854088 47.4555065000636),power,pole,APPUI,POTEAU BETON ,Enedis,beton,,,suspension,,,37081,37081,37081,Cléré-les-Pins,Cléré-les-Pins
"""datastore"".""appuiscommuns"".""osmgeodatamine_powsupp__appuiscommuns_supportaerien""",osmgeodatamine_powersupports_extract,node/8733394617,0107b523-3c1b-5dd8-b1c4-128dc3dc2657,POINT (0.3818468 47.4552730000636),power,pole,APPUI,POTEAU BETON ,Enedis,beton,,,(suspension)|(anchor),branch,,37081,37081,37081,Cléré-les-Pins,Cléré-les-Pins
"""datastore"".""appuiscommuns"".""osmgeodatamine_powsupp__appuiscommuns_supportaerien""",osmgeodatamine_powersupports_extract,node/8733392017,4dee3e4f-a0ff-5159-b896-eccc93a45d08,POINT (0.3818148 47.4561156000635),power,pole,APPUI,POTEAU BETON ,Enedis,beton,,,pin,,,37081,37081,37081,Cléré-les-Pins,Cléré-les-Pins
"""datastore"".""appuiscommuns"".""osmgeodatamine_powsupp__appuiscommuns_supportaerien""",osmgeodatamine_powersupports_extract,node/8733995817,ff2448b4-7923-560d-aea1-b8d01e0eb755,POINT (0.3832807 47.4556562000635),power,pole,APPUI,POTEAU BETON ,Enedis,beton,,,pin,,,37081,37081,37081,Cléré-les-Pins,Cléré-les-Pins
"""datastore"".""appuiscommuns"".""osmgeodatamine_powsupp__appuiscommuns_supportaerien""",osmgeodatamine_powersupports_extract,node/8728413219,19f6c2ed-edc3-595f-a156-25bed833d09a,POINT (0.381813 47.4568043000633),power,pole,APPUI,POTEAU BETON ,Enedis,beton,,,,,,37081,37081,37081,Cléré-les-Pins,Cléré-les-Pins
"""datastore"".""appuiscommuns"".""osmgeodatamine_powsupp__appuiscommuns_supportaerien""",osmgeodatamine_powersupports_extract,node/8739802527,1094d751-ba40-51cc-9fea-bf79480ab024,POINT (0.3777111 47.4544650000638),power,pole,APPUI,POTEAU BETON ,Enedis,beton,,,anchor,,,37081,37081,37081,Cléré-les-Pins,Cléré-les-Pins
"""datastore"".""appuiscommuns"".""osmgeodatamine_powsupp__appuiscommuns_supportaerien""",osmgeodatamine_powersupports_extract,node/8739802530,776ace68-3075-549e-a048-735298037c63,POINT (0.3784675 47.4543592000638),power,pole,APPUI,POTEAU BETON ,Enedis,beton,,,anchor,,yes,37081,37081,37081,Cléré-les-Pins,Cléré-les-Pins
"""datastore"".""appuiscommuns"".""osmgeodatamine_powsupp__appuiscommuns_supportaerien""",osmgeodatamine_powersupports_extract,node/8733448517,1fe2c111-ab33-5502-9c13-0da06708c2dd,POINT (0.3804271 47.4548779000637),power,pole,APPUI,POTEAU BETON ,Enedis,beton,,,suspension,,,37081,37081,37081,Cléré-les-Pins,Cléré-les-Pins
"""datastore"".""appuiscommuns"".""osmgeodatamine_powsupp__appuiscommuns_supportaerien""",osmgeodatamine_powersupports_extract,node/8739802528,73aba92e-7c72-5878-836e-09153dcc09e4,POINT (0.3771936 47.4538485000639),power,pole,APPUI,POTEAU BETON ,Enedis,beton,,,pin,,,37081,37081,37081,Cléré-les-Pins,Cléré-les-Pins
"""datastore"".""appuiscommuns"".""osmgeodatamine_powsupp__appuiscommuns_supportaerien""",osmgeodatamine_powersupports_extract,node/8758443517,f0228b2a-e96d-5c47-8021-f0bf60ec361e,POINT (0.3797022 47.4511695000645),power,pole,APPUI,POTEAU BETON ,Enedis,beton,,,suspension,,,37081,37081,37081,Cléré-les-Pins,Cléré-les-Pins
"""datastore"".""appuiscommuns"".""osmgeodatamine_powsupp__appuiscommuns_supportaerien""",osmgeodatamine_powersupports_extract,node/8758441317,7a2e546a-a916-5667-baf5-d5c516aa06c5,POINT (0.3795016 47.4516794000644),power,pole,APPUI,POTEAU BETON ,Enedis,beton,,,anchor,,,37081,37081,37081,Cléré-les-Pins,Cléré-les-Pins
"""datastore"".""appuiscommuns"".""osmgeodatamine_powsupp__appuiscommuns_supportaerien""",osmgeodatamine_powersupports_extract,node/8734089718,54466f2a-4c89-592a-bfa8-656666ac9e50,POINT (0.3847745 47.4469292000655),power,pole,APPUI,POTEAU BETON ,Enedis,beton,,,suspension,,,37081,37081,37081,Cléré-les-Pins,Cléré-les-Pins
"""datastore"".""appuiscommuns"".""osmgeodatamine_powsupp__appuiscommuns_supportaerien""",osmgeodatamine_powersupports_extract,node/8734089719,c05ffcc1-b610-5c0c-aef6-db3a8a6a562e,POINT (0.3842066 47.4468993000655),power,pole,APPUI,POTEAU BETON ,Enedis,beton,,,suspension,,,37081,37081,37081,Cléré-les-Pins,Cléré-les-Pins
"""datastore"".""appuiscommuns"".""osmgeodatamine_powsupp__appuiscommuns_supportaerien""",osmgeodatamine_powersupports_extract,node/8734092717,2f00bb02-89c0-550e-b7af-90cb14912bdc,POINT (0.3855451 47.4469357000655),power,pole,APPUI,POTEAU BETON ,Enedis,beton,,,anchor,,yes,37081,37081,37081,Cléré-les-Pins,Cléré-les-Pins
"""datastore"".""appuiscommuns"".""osmgeodatamine_powsupp__appuiscommuns_supportaerien""",osmgeodatamine_powersupports_extract,node/8735552417,dd2401f9-5645-5726-a673-657c3100478c,POINT (0.3824237 47.4469363000655),power,pole,APPUI,POTEAU BETON ,Enedis,beton,,,suspension,,,37081,37081,37081,Cléré-les-Pins,Cléré-les-Pins
"""datastore"".""appuiscommuns"".""osmgeodatamine_powsupp__appuiscommuns_supportaerien""",osmgeodatamine_powersupports_extract,node/8734077917,d44f2869-e1d2-56e2-8047-49adc81b96de,POINT (0.3836786 47.4468809000655),power,pole,APPUI,POTEAU BETON ,Enedis,beton,,,anchor,branch,,37081,37081,37081,Cléré-les-Pins,Cléré-les-Pins
"""datastore"".""appuiscommuns"".""osmgeodatamine_powsupp__appuiscommuns_supportaerien""",osmgeodatamine_powersupports_extract,node/8734100917,311bf9ba-d05f-5084-b923-0d5d90d04f0b,POINT (0.3831894 47.4468776000655),power,pole,APPUI,POTEAU BETON ,Enedis,beton,,,suspension,,,37081,37081,37081,Cléré-les-Pins,Cléré-les-Pins
"""datastore"".""appuiscommuns"".""osmgeodatamine_powsupp__appuiscommuns_supportaerien""",osmgeodatamine_powersupports_extract,node/8735855417,05841472-1d3c-5126-bd6f-c02cef2e8fc0,POINT (0.3838328 47.4474131000654),power,pole,APPUI,POTEAU BOIS,Enedis,bois,,,anchor,,,37081,37081,37081,Cléré-les-Pins,Cléré-les-Pins
"""datastore"".""appuiscommuns"".""osmgeodatamine_powsupp__appuiscommuns_supportaerien""",osmgeodatamine_powersupports_extract,node/8739865967,7ed0e2a6-9f52-5e23-950f-0aef6cccb9f7,POINT (0.3810091 47.4474826000654),power,pole,APPUI,POTEAU BETON ,Enedis,beton,,,,,,37081,37081,37081,Cléré-les-Pins,Cléré-les-Pins
"""datastore"".""appuiscommuns"".""osmgeodatamine_powsupp__appuiscommuns_supportaerien""",osmgeodatamine_powersupports_extract,node/8735556417,d5dccd71-4229-57f3-9ca8-dd47555da350,POINT (0.3798348 47.4472501000654),power,pole,APPUI,POTEAU BETON ,Enedis,beton,,,pin,,,37081,37081,37081,Cléré-les-Pins,Cléré-les-Pins
"""datastore"".""appuiscommuns"".""osmgeodatamine_powsupp__appuiscommuns_supportaerien""",osmgeodatamine_powersupports_extract,node/8735556017,2f41d9fa-863b-5f77-8a68-7cb719f4ad87,POINT (0.3802728 47.4471599000655),power,pole,APPUI,POTEAU BETON ,Enedis,beton,,,pin,,,37081,37081,37081,Cléré-les-Pins,Cléré-les-Pins
"""datastore"".""appuiscommuns"".""osmgeodatamine_powsupp__appuiscommuns_supportaerien""",osmgeodatamine_powersupports_extract,node/8745625818,ff6ddb47-e570-57ed-8471-ee22a0460360,POINT (0.380144 47.4470527000655),power,pole,APPUI,POTEAU BOIS,Enedis,bois,,,anchor,,,37081,37081,37081,Cléré-les-Pins,Cléré-les-Pins
"""datastore"".""appuiscommuns"".""osmgeodatamine_powsupp__appuiscommuns_supportaerien""",osmgeodatamine_powersupports_extract,node/8734039318,e855adcd-6a92-5306-9f52-a988bbafb273,POINT (0.381166 47.4470172000655),power,pole,APPUI,POTEAU BETON ,Enedis,beton,,,anchor,,yes,37081,37081,37081,Cléré-les-Pins,Cléré-les-Pins
"""datastore"".""appuiscommuns"".""osmgeodatamine_powsupp__appuiscommuns_supportaerien""",osmgeodatamine_powersupports_extract,node/8734054717,d54f0b12-897d-502d-b6cd-468849812558,POINT (0.3816215 47.4469907000655),power,pole,APPUI,POTEAU BETON ,Enedis,beton,,,anchor,,yes,37081,37081,37081,Cléré-les-Pins,Cléré-les-Pins
"""datastore"".""appuiscommuns"".""osmgeodatamine_powsupp__appuiscommuns_supportaerien""",osmgeodatamine_powersupports_extract,node/8735556418,28b8706c-0b89-59c1-a92a-ee4693e529cd,POINT (0.379259 47.4474637000654),power,pole,APPUI,POTEAU BETON ,Enedis,beton,,,anchor,,,37081,37081,37081,Cléré-les-Pins,Cléré-les-Pins
"""datastore"".""appuiscommuns"".""osmgeodatamine_powsupp__appuiscommuns_supportaerien""",osmgeodatamine_powersupports_extract,node/8735562817,3fdd505e-853a-58bf-9517-5608dce9a8a7,POINT (0.3787346 47.4476422000653),power,pole,APPUI,POTEAU BOIS,Enedis,bois,,,anchor,,,37081,37081,37081,Cléré-les-Pins,Cléré-les-Pins
"""datastore"".""appuiscommuns"".""osmgeodatamine_powsupp__appuiscommuns_supportaerien""",osmgeodatamine_powersupports_extract,node/8739856705,33306c9c-dfb1-53b8-abe3-59ba9ab79ae9,POINT (0.3808213 47.4479107000653),power,pole,APPUI,POTEAU BETON ,Enedis,beton,,,anchor,,yes,37081,37081,37081,Cléré-les-Pins,Cléré-les-Pins
"""datastore"".""appuiscommuns"".""osmgeodatamine_powsupp__appuiscommuns_supportaerien""",osmgeodatamine_powersupports_extract,node/8739919407,babd908e-d2c0-5bb7-884e-cff683717aed,POINT (0.3806859 47.4487590000651),power,pole,APPUI,POTEAU BOIS,Enedis,bois,,,anchor,,,37081,37081,37081,Cléré-les-Pins,Cléré-les-Pins
"""datastore"".""appuiscommuns"".""osmgeodatamine_powsupp__appuiscommuns_supportaerien""",osmgeodatamine_powersupports_extract,node/8739913190,91f049a7-baa1-59cc-b42e-fdc154764042,POINT (0.3804421 47.449361500065),power,pole,APPUI,POTEAU BETON ,Enedis,beton,,,,,,37081,37081,37081,Cléré-les-Pins,Cléré-les-Pins
"""datastore"".""appuiscommuns"".""osmgeodatamine_powsupp__appuiscommuns_supportaerien""",osmgeodatamine_powersupports_extract,node/8739923653,a2ee3188-f321-5838-9fc4-c58b994f75c6,POINT (0.3802081 47.4499240000648),power,pole,APPUI,POTEAU BETON ,Enedis,beton,,,suspension,,,37081,37081,37081,Cléré-les-Pins,Cléré-les-Pins
"""datastore"".""appuiscommuns"".""osmgeodatamine_powsupp__appuiscommuns_supportaerien""",osmgeodatamine_powersupports_extract,node/8739891629,1fb880f5-b80d-5e5f-88fd-2720748c7864,POINT (0.3811682 47.4497881000649),power,pole,APPUI,POTEAU BETON ,Enedis,beton,,,anchor,,,37081,37081,37081,Cléré-les-Pins,Cléré-les-Pins
"""datastore"".""appuiscommuns"".""osmgeodatamine_powsupp__appuiscommuns_supportaerien""",osmgeodatamine_powersupports_extract,node/8739868516,8263afed-e536-5d64-a69f-10f47162f662,POINT (0.3806763 47.4500507000648),power,pole,APPUI,POTEAU BETON ,Enedis,beton,,,suspension,,,37081,37081,37081,Cléré-les-Pins,Cléré-les-Pins
"""datastore"".""appuiscommuns"".""osmgeodatamine_powsupp__appuiscommuns_supportaerien""",osmgeodatamine_powersupports_extract,node/8733336418,d1a01e1a-69d2-56aa-953a-5a7ba6be6993,POINT (0.3800547 47.4503277000648),power,pole,APPUI,POTEAU BETON ,Enedis,beton,,,anchor,,yes,37081,37081,37081,Cléré-les-Pins,Cléré-les-Pins
"""datastore"".""appuiscommuns"".""osmgeodatamine_powsupp__appuiscommuns_supportaerien""",osmgeodatamine_powersupports_extract,node/8739945222,701d6405-5931-53e9-8964-54ea7bbd38d6,POINT (0.3798823 47.4507536000646),power,pole,APPUI,POTEAU BETON ,Enedis,beton,,,suspension,,,37081,37081,37081,Cléré-les-Pins,Cléré-les-Pins
"""datastore"".""appuiscommuns"".""osmgeodatamine_powsupp__appuiscommuns_supportaerien""",osmgeodatamine_powersupports_extract,node/8734472018,9042f814-bcf7-5d63-af4b-4fbaafc34aae,POINT (0.3735267 47.4495609000649),power,pole,APPUI,POTEAU BETON ,Enedis,beton,,,pin,,,37081,37081,37081,Cléré-les-Pins,Cléré-les-Pins
"""datastore"".""appuiscommuns"".""osmgeodatamine_powsupp__appuiscommuns_supportaerien""",osmgeodatamine_powersupports_extract,node/8734511417,a2facdc0-9379-5ea9-b94c-e661235645e6,POINT (0.3740466 47.4501558000648),power,pole,APPUI,POTEAU BETON ,Enedis,beton,,,anchor,,,37081,37081,37081,Cléré-les-Pins,Cléré-les-Pins
"""datastore"".""appuiscommuns"".""osmgeodatamine_powsupp__appuiscommuns_supportaerien""",osmgeodatamine_powersupports_extract,node/8736534117,15709031-c853-58d7-987c-3153e5622783,POINT (0.3725217 47.449351000065),power,pole,APPUI,POTEAU BOIS,Enedis,bois,,,anchor,,,37081,37081,37081,Cléré-les-Pins,Cléré-les-Pins
"""datastore"".""appuiscommuns"".""osmgeodatamine_powsupp__appuiscommuns_supportaerien""",osmgeodatamine_powersupports_extract,node/8731215918,2013c65b-4b1d-58da-aa9d-f5476571e9ef,POINT (0.3729829 47.448987500065),power,pole,APPUI,POTEAU BETON ,Enedis,beton,,,pin,,,37081,37081,37081,Cléré-les-Pins,Cléré-les-Pins
"""datastore"".""appuiscommuns"".""osmgeodatamine_powsupp__appuiscommuns_supportaerien""",osmgeodatamine_powersupports_extract,node/8742530417,c3f17122-8dd1-5861-ac55-503fad7ce4ed,POINT (0.3736028 47.444741300066),power,pole,APPUI,POTEAU BETON ,Enedis,beton,,,suspension,,,37081,37081,37081,Cléré-les-Pins,Cléré-les-Pins
"""datastore"".""appuiscommuns"".""osmgeodatamine_powsupp__appuiscommuns_supportaerien""",osmgeodatamine_powersupports_extract,node/8742550817,8ca7a240-0c60-5ff2-9957-e9ef8c16b711,POINT (0.3730643 47.4451173000659),power,pole,APPUI,POTEAU BETON ,Enedis,beton,,,suspension,,,37081,37081,37081,Cléré-les-Pins,Cléré-les-Pins
"""datastore"".""appuiscommuns"".""osmgeodatamine_powsupp__appuiscommuns_supportaerien""",osmgeodatamine_powersupports_extract,node/8742548517,116ad04d-ec34-5d5b-880d-7f760e44e89e,POINT (0.3727078 47.4456092000658),power,pole,APPUI,POTEAU BETON ,Enedis,beton,,,suspension,,,37081,37081,37081,Cléré-les-Pins,Cléré-les-Pins
"""datastore"".""appuiscommuns"".""osmgeodatamine_powsupp__appuiscommuns_supportaerien""",osmgeodatamine_powersupports_extract,node/8733214819,1a3ccc78-2759-57f9-84c8-f55eeaccead1,POINT (0.37141 47.4472406000654),power,pole,APPUI,POTEAU BETON ,Enedis,beton,,,anchor,,,37081,37081,37081,Cléré-les-Pins,Cléré-les-Pins
"""datastore"".""appuiscommuns"".""osmgeodatamine_powsupp__appuiscommuns_supportaerien""",osmgeodatamine_powersupports_extract,node/8733280263,34781db1-571e-59ba-b485-da10166449c2,POINT (0.3718318 47.4477705000653),power,pole,APPUI,POTEAU BETON ,Enedis,beton,,,anchor,,,37081,37081,37081,Cléré-les-Pins,Cléré-les-Pins
"""datastore"".""appuiscommuns"".""osmgeodatamine_powsupp__appuiscommuns_supportaerien""",osmgeodatamine_powersupports_extract,node/8742575117,f520070e-0c02-56a2-a034-03e46a297423,POINT (0.3712146 47.4478413000653),power,pole,APPUI,POTEAU BOIS,Enedis,bois,,,suspension,,,37081,37081,37081,Cléré-les-Pins,Cléré-les-Pins
"""datastore"".""appuiscommuns"".""osmgeodatamine_powsupp__appuiscommuns_supportaerien""",osmgeodatamine_powersupports_extract,node/8742560518,c366cc70-be06-5493-9c21-7b9bfaf329e1,POINT (0.3711564 47.4474179000654),power,pole,APPUI,POTEAU BETON ,Enedis,beton,,,anchor,,,37081,37081,37081,Cléré-les-Pins,Cléré-les-Pins
"""datastore"".""appuiscommuns"".""osmgeodatamine_powsupp__appuiscommuns_supportaerien""",osmgeodatamine_powersupports_extract,node/8733240917,fc95d874-3950-52ef-a062-c569252d2c75,POINT (0.3709365 47.4467031000656),power,pole,APPUI,POTEAU BETON ,Enedis,beton,,,suspension,,,37081,37081,37081,Cléré-les-Pins,Cléré-les-Pins
"""datastore"".""appuiscommuns"".""osmgeodatamine_powsupp__appuiscommuns_supportaerien""",osmgeodatamine_powersupports_extract,node/8742575118,127223b5-fe73-5f8d-ad5f-015137bdef47,POINT (0.3717846 47.4463322000656),power,pole,APPUI,POTEAU BETON ,Enedis,beton,,,suspension,,,37081,37081,37081,Cléré-les-Pins,Cléré-les-Pins
"""datastore"".""appuiscommuns"".""osmgeodatamine_powsupp__appuiscommuns_supportaerien""",osmgeodatamine_powersupports_extract,node/8731651117,421bb17d-88c8-5f15-99b3-1501842814b8,POINT (0.3718699 47.4466747000656),power,pole,APPUI,POTEAU BETON ,Enedis,beton,,,,,,37081,37081,37081,Cléré-les-Pins,Cléré-les-Pins
"""datastore"".""appuiscommuns"".""osmgeodatamine_powsupp__appuiscommuns_supportaerien""",osmgeodatamine_powersupports_extract,node/8733214818,d7ee3ada-661e-54b3-b2bc-1c706fcc0eb3,POINT (0.3716979 47.4470715000655),power,pole,APPUI,POTEAU BETON ,Enedis,beton,,,anchor,cross,,37081,37081,37081,Cléré-les-Pins,Cléré-les-Pins
"""datastore"".""appuiscommuns"".""osmgeodatamine_powsupp__appuiscommuns_supportaerien""",osmgeodatamine_powersupports_extract,node/8742567917,9483bf0f-e5a2-5bef-9d08-4ceced5b6548,POINT (0.3721701 47.4468856000655),power,pole,APPUI,POTEAU BETON ,Enedis,beton,,,anchor,,,37081,37081,37081,Cléré-les-Pins,Cléré-les-Pins
"""datastore"".""appuiscommuns"".""osmgeodatamine_powsupp__appuiscommuns_supportaerien""",osmgeodatamine_powersupports_extract,node/8731262317,05a97dcb-df26-55f5-bfec-c346039fe5cb,POINT (0.3719572 47.4465668000656),power,pole,APPUI,POTEAU BETON ,Enedis,beton,,,anchor,branch,,37081,37081,37081,Cléré-les-Pins,Cléré-les-Pins
"""datastore"".""appuiscommuns"".""osmgeodatamine_powsupp__appuiscommuns_supportaerien""",osmgeodatamine_powersupports_extract,node/8742554717,dc5ac756-7a5d-5146-9633-3feb2291653b,POINT (0.3723189 47.4460797000657),power,pole,APPUI,POTEAU BETON ,Enedis,beton,,,suspension,,,37081,37081,37081,Cléré-les-Pins,Cléré-les-Pins
"""datastore"".""appuiscommuns"".""osmgeodatamine_powsupp__appuiscommuns_supportaerien""",osmgeodatamine_powersupports_extract,node/8742567920,6b0e0dd5-0de2-5f56-b26a-c1255f70511d,POINT (0.3715872 47.4460271000657),power,pole,APPUI,POTEAU BETON ,Enedis,beton,,,suspension,,,37081,37081,37081,Cléré-les-Pins,Cléré-les-Pins
"""datastore"".""appuiscommuns"".""osmgeodatamine_powsupp__appuiscommuns_supportaerien""",osmgeodatamine_powersupports_extract,node/8745634217,8fc2c58e-e68f-592d-99db-2a2bf6c3fdb4,POINT (0.3712299 47.4452532000659),power,pole,APPUI,POTEAU BOIS,Enedis,bois,,,anchor,,,37081,37081,37081,Cléré-les-Pins,Cléré-les-Pins
"""datastore"".""appuiscommuns"".""osmgeodatamine_powsupp__appuiscommuns_supportaerien""",osmgeodatamine_powersupports_extract,node/8742591018,cc8d19a7-6bff-5e67-8247-a14ddb0acf37,POINT (0.3713142 47.4457038000658),power,pole,APPUI,POTEAU BETON ,Enedis,beton,,,anchor,,,37081,37081,37081,Cléré-les-Pins,Cléré-les-Pins
"""datastore"".""appuiscommuns"".""osmgeodatamine_powsupp__appuiscommuns_supportaerien""",osmgeodatamine_powersupports_extract,node/8740097436,80274bfa-5470-57f8-be0f-951df4695e3d,POINT (0.3682748 47.4467158000655),power,pole,APPUI,POTEAU BETON ,Enedis,beton,,,suspension,,,37081,37081,37081,Cléré-les-Pins,Cléré-les-Pins
"""datastore"".""appuiscommuns"".""osmgeodatamine_powsupp__appuiscommuns_supportaerien""",osmgeodatamine_powersupports_extract,node/8736548018,d97fbd29-1384-5986-9a63-abf7cc6794f1,POINT (0.3700259 47.4485086000651),power,pole,APPUI,POTEAU BOIS,Enedis,bois,,,suspension,,,37081,37081,37081,Cléré-les-Pins,Cléré-les-Pins
"""datastore"".""appuiscommuns"".""osmgeodatamine_powsupp__appuiscommuns_supportaerien""",osmgeodatamine_powersupports_extract,node/8736548019,4ee150ec-d601-5c5d-9c62-690f6ed42374,POINT (0.3692979 47.4484594000652),power,pole,APPUI,POTEAU BETON ,Enedis,beton,,,anchor,,,37081,37081,37081,Cléré-les-Pins,Cléré-les-Pins
"""datastore"".""appuiscommuns"".""osmgeodatamine_powsupp__appuiscommuns_supportaerien""",osmgeodatamine_powersupports_extract,node/8736548017,b4b0548a-7923-5e24-9131-e51c0b6171f6,POINT (0.3706993 47.4485464000651),power,pole,APPUI,POTEAU BOIS,Enedis,bois,,,suspension,,,37081,37081,37081,Cléré-les-Pins,Cléré-les-Pins
"""datastore"".""appuiscommuns"".""osmgeodatamine_powsupp__appuiscommuns_supportaerien""",osmgeodatamine_powersupports_extract,node/8742576917,25f40108-3468-52a6-a081-ebe4faf184cd,POINT (0.371289 47.4482003000652),power,pole,APPUI,POTEAU BOIS,Enedis,bois,,,suspension,,,37081,37081,37081,Cléré-les-Pins,Cléré-les-Pins
